"大分類名","大分類検索","中分類名","中分類検索","小分類名","情報検索"
"飲料品","飲料品","ドリンク","飲料品 ドリンク","お茶","飲料品 ドリンク お茶"
"飲料品","飲料品","ドリンク","飲料品 ドリンク","水","飲料品 ドリンク 水"
"飲料品","飲料品","ドリンク","飲料品 ドリンク","コーヒー","飲料品 ドリンク コーヒー"
"飲料品","飲料品","ドリンク","飲料品 ドリンク","ミカンジュース","飲料品 ドリンク ミカンジュース"
"飲料品","飲料品","酒類","飲料品 酒類","ビール","飲料品 酒類 ビール"
"飲料品","飲料品","酒類","飲料品 酒類","日本酒","飲料品 酒類 日本酒"
"飲料品","飲料品","酒類","飲料品 酒類","ワイン","飲料品 酒類 ワイン"
"飲料品","飲料品","酒類","飲料品 酒類","焼酎","飲料品 酒類 焼酎"
"食品","食品","肉類","食品 肉類","牛肉","食品 肉類 牛肉"
"食品","食品","肉類","食品 肉類","豚肉","食品 肉類 豚肉"
"食品","食品","肉類","食品 肉類","鶏肉","食品 肉類 鶏肉"
"食品","食品","魚類","食品 魚類","サバ","食品 魚類 サバ"
"食品","食品","魚類","食品 魚類","イワシ","食品 魚類 イワシ"
"食品","食品","魚類","食品 魚類","タイ","食品 魚類 タイ"
"食品","食品","魚類","食品 魚類","マグロ","食品 魚類 マグロ"
"食品","食品","魚類","食品 魚類","ヒラメ","食品 魚類 ヒラメ"
"食品","食品","野菜","食品 野菜","ニンジン","食品 野菜 ニンジン"
"食品","食品","野菜","食品 野菜","ダイコン","食品 野菜 ダイコン"
"食品","食品","野菜","食品 野菜","キャベツ","食品 野菜 キャベツ"
"食品","食品","野菜","食品 野菜","キュウリ","食品 野菜 キュウリ"
"食品","食品","野菜","食品 野菜","玉ねぎ","食品 野菜 玉ねぎ"
"食品","食品","主食類","食品 主食類","米","食品 主食類 米"
"食品","食品","主食類","食品 主食類","パン","食品 主食類 パン"
"食品","食品","主食類","食品 主食類","パスタ","食品 主食類 パスタ"
"食品","食品","主食類","食品 主食類","カップ麺","食品 主食類 カップ麺"
"食品","食品","主食類","食品 主食類","おにぎり","食品 主食類 おにぎり"
"食品","食品","主食類","食品 主食類","サンドウィッチ","食品 主食類 サンドウィッチ"
"食品","食品","主食類","食品 主食類","弁当","食品 主食類 弁当"
"衣類","衣類","男性","衣類 男性","ジャケット","衣類 男性 ジャケット"
"衣類","衣類","男性","衣類 男性","シャツ","衣類 男性 シャツ"
"衣類","衣類","男性","衣類 男性","下着","衣類 男性 下着"
"衣類","衣類","男性","衣類 男性","パンツ","衣類 男性 パンツ"
"衣類","衣類","男性","衣類 男性","靴下","衣類 男性 靴下"
"衣類","衣類","女性","衣類 女性","ジャケット","衣類 女性 ジャケット"
"衣類","衣類","女性","衣類 女性","シャツ","衣類 女性 シャツ"
"衣類","衣類","女性","衣類 女性","下着","衣類 女性 下着"
"衣類","衣類","女性","衣類 女性","パンツ","衣類 女性 パンツ"
"衣類","衣類","女性","衣類 女性","靴下","衣類 女性 靴下"
"生活用品","生活用品","洗面・風呂用具","生活用品 洗面・風呂用具","シャンプー","生活用品 洗面・風呂用具 シャンプー"
"生活用品","生活用品","洗面・風呂用具","生活用品 洗面・風呂用具","石鹸","生活用品 洗面・風呂用具 石鹸"
"生活用品","生活用品","洗面・風呂用具","生活用品 洗面・風呂用具","歯ブラシ","生活用品 洗面・風呂用具 歯ブラシ"
"生活用品","生活用品","洗面・風呂用具","生活用品 洗面・風呂用具","カミソリ","生活用品 洗面・風呂用具 カミソリ"
"生活用品","生活用品","掃除用具","生活用品 掃除用具","ほうき","生活用品 掃除用具 ほうき"
"生活用品","生活用品","掃除用具","生活用品 掃除用具","スポンジ","生活用品 掃除用具 スポンジ"
"生活用品","生活用品","掃除用具","生活用品 掃除用具","たわし","生活用品 掃除用具 たわし"
"生活用品","生活用品","タオル","生活用品 タオル","バスタオル","生活用品 タオル バスタオル"
"生活用品","生活用品","タオル","生活用品 タオル","フェイスタオル","生活用品 タオル フェイスタオル"
"生活用品","生活用品","タオル","生活用品 タオル","ハンドタオル","生活用品 タオル ハンドタオル"
"生活用品","生活用品","ペーパー類","生活用品 ペーパー類","トイレットペーパー","生活用品 ペーパー類 トイレットペーパー"
"生活用品","生活用品","ペーパー類","生活用品 ペーパー類","ティッシュペーパー","生活用品 ペーパー類 ティッシュペーパー"
"生活用品","生活用品","ペーパー類","生活用品 ペーパー類","ウェットティッシュ","生活用品 ペーパー類 ウェットティッシュ"
"生活用品","生活用品","ペーパー類","生活用品 ペーパー類","おむつ","生活用品 ペーパー類 おむつ"
"生活用品","生活用品","ペーパー類","生活用品 ペーパー類","汗拭きシート","生活用品 ペーパー類 汗拭きシート"
"電化製品","電化製品","生活家電","電化製品 生活家電","時計","電化製品 生活家電 時計"
"電化製品","電化製品","生活家電","電化製品 生活家電","ラジオ","電化製品 生活家電 ラジオ"
"電化製品","電化製品","生活家電","電化製品 生活家電","テレビ","電化製品 生活家電 テレビ"
"電化製品","電化製品","生活家電","電化製品 生活家電","ドライヤー","電化製品 生活家電 ドライヤー"
"電化製品","電化製品","消耗品","電化製品 消耗品","電池","電化製品 消耗品 電池"
